"Status","Start Time","Stop Time","Duration in ms","Parent Suite","Suite","Sub Suite","Test Class","Test Method","Name","Description"
"passed","Fri Jun 30 15:12:26 GMT 2023","Fri Jun 30 15:12:29 GMT 2023","2561","","io.github.tahanima.e2e.ProductsE2ETest","","io.github.tahanima.e2e.ProductsE2ETest","testSuccessfulLogout","testSuccessfulLogout(ProductsData) [1] ProductsData(super=BaseData(testCaseId=TC-1), username=standard_user, password=secret_sauce, url=https://www.saucedemo.com/)","Test that verifies user gets redirected to 'Login' page after logging out"
"passed","Fri Jun 30 15:12:42 GMT 2023","Fri Jun 30 15:12:43 GMT 2023","1025","","io.github.tahanima.e2e.LoginE2ETest","","io.github.tahanima.e2e.LoginE2ETest","testIncorrectLoginCredentials","testIncorrectLoginCredentials(LoginData) [3] LoginData(super=BaseData(testCaseId=TC-2), username=locked_out_user, password=password, errorMessage=Epic sadface: Username and password do not match any user in this service)","Test that verifies user gets error message after submitting incorrect login credentials"
"passed","Fri Jun 30 15:12:45 GMT 2023","Fri Jun 30 15:12:46 GMT 2023","898","","io.github.tahanima.e2e.LoginE2ETest","","io.github.tahanima.e2e.LoginE2ETest","testIncorrectLoginCredentials","testIncorrectLoginCredentials(LoginData) [6] LoginData(super=BaseData(testCaseId=TC-2), username=demo_username, password=demo_password, errorMessage=Epic sadface: Username and password do not match any user in this service)","Test that verifies user gets error message after submitting incorrect login credentials"
"passed","Fri Jun 30 15:12:31 GMT 2023","Fri Jun 30 15:12:32 GMT 2023","1702","","io.github.tahanima.e2e.LoginE2ETest","","io.github.tahanima.e2e.LoginE2ETest","testBlankPassword","testBlankPassword(LoginData) [1] LoginData(super=BaseData(testCaseId=TC-4), username=demo_username, password=, errorMessage=Epic sadface: Password is required)","Test that verifies user gets error message after submitting login credentials where the password is blank"
"passed","Fri Jun 30 15:12:34 GMT 2023","Fri Jun 30 15:12:40 GMT 2023","5947","","io.github.tahanima.e2e.LoginE2ETest","","io.github.tahanima.e2e.LoginE2ETest","testCorrectLoginCredentials","testCorrectLoginCredentials(LoginData) [3] LoginData(super=BaseData(testCaseId=TC-1), username=performance_glitch_user, password=secret_sauce, errorMessage=)","Test that verifies user gets redirected to 'Products' page after submitting correct login credentials"
"passed","Fri Jun 30 15:12:41 GMT 2023","Fri Jun 30 15:12:42 GMT 2023","1013","","io.github.tahanima.e2e.LoginE2ETest","","io.github.tahanima.e2e.LoginE2ETest","testIncorrectLoginCredentials","testIncorrectLoginCredentials(LoginData) [2] LoginData(super=BaseData(testCaseId=TC-2), username=standard_user, password=password, errorMessage=Epic sadface: Username and password do not match any user in this service)","Test that verifies user gets error message after submitting incorrect login credentials"
"passed","Fri Jun 30 15:12:33 GMT 2023","Fri Jun 30 15:12:34 GMT 2023","913","","io.github.tahanima.e2e.LoginE2ETest","","io.github.tahanima.e2e.LoginE2ETest","testCorrectLoginCredentials","testCorrectLoginCredentials(LoginData) [2] LoginData(super=BaseData(testCaseId=TC-1), username=problem_user, password=secret_sauce, errorMessage=)","Test that verifies user gets redirected to 'Products' page after submitting correct login credentials"
"passed","Fri Jun 30 15:12:40 GMT 2023","Fri Jun 30 15:12:41 GMT 2023","959","","io.github.tahanima.e2e.LoginE2ETest","","io.github.tahanima.e2e.LoginE2ETest","testIncorrectLoginCredentials","testIncorrectLoginCredentials(LoginData) [1] LoginData(super=BaseData(testCaseId=TC-2), username=username, password=secret_sauce, errorMessage=Epic sadface: Username and password do not match any user in this service)","Test that verifies user gets error message after submitting incorrect login credentials"
"passed","Fri Jun 30 15:12:44 GMT 2023","Fri Jun 30 15:12:45 GMT 2023","900","","io.github.tahanima.e2e.LoginE2ETest","","io.github.tahanima.e2e.LoginE2ETest","testIncorrectLoginCredentials","testIncorrectLoginCredentials(LoginData) [5] LoginData(super=BaseData(testCaseId=TC-2), username=performance_glitch_user, password=password, errorMessage=Epic sadface: Username and password do not match any user in this service)","Test that verifies user gets error message after submitting incorrect login credentials"
"passed","Fri Jun 30 15:12:43 GMT 2023","Fri Jun 30 15:12:44 GMT 2023","1111","","io.github.tahanima.e2e.LoginE2ETest","","io.github.tahanima.e2e.LoginE2ETest","testIncorrectLoginCredentials","testIncorrectLoginCredentials(LoginData) [4] LoginData(super=BaseData(testCaseId=TC-2), username=problem_user, password=password, errorMessage=Epic sadface: Username and password do not match any user in this service)","Test that verifies user gets error message after submitting incorrect login credentials"
"passed","Fri Jun 30 15:12:47 GMT 2023","Fri Jun 30 15:12:48 GMT 2023","769","","io.github.tahanima.e2e.LoginE2ETest","","io.github.tahanima.e2e.LoginE2ETest","testBlankUserName","testBlankUserName(LoginData) [1] LoginData(super=BaseData(testCaseId=TC-3), username=, password=demo_password, errorMessage=Epic sadface: Username is required)","Test that verifies user gets error message after submitting login credentials where the username is blank"
"passed","Fri Jun 30 15:12:46 GMT 2023","Fri Jun 30 15:12:47 GMT 2023","898","","io.github.tahanima.e2e.LoginE2ETest","","io.github.tahanima.e2e.LoginE2ETest","testLockedOutUser","testLockedOutUser(LoginData) [1] LoginData(super=BaseData(testCaseId=TC-5), username=locked_out_user, password=secret_sauce, errorMessage=Epic sadface: Sorry, this user has been locked out.)","Test that verifies user gets error message after submitting login credentials for locked out user"
"passed","Fri Jun 30 15:12:32 GMT 2023","Fri Jun 30 15:12:33 GMT 2023","955","","io.github.tahanima.e2e.LoginE2ETest","","io.github.tahanima.e2e.LoginE2ETest","testCorrectLoginCredentials","testCorrectLoginCredentials(LoginData) [1] LoginData(super=BaseData(testCaseId=TC-1), username=standard_user, password=secret_sauce, errorMessage=)","Test that verifies user gets redirected to 'Products' page after submitting correct login credentials"
